GROUP,PACKAGE,CLASS,INSTRUCTION_MISSED,INSTRUCTION_COVERED,BRANCH_MISSED,BRANCH_COVERED,LINE_MISSED,LINE_COVERED,COMPLEXITY_MISSED,COMPLEXITY_COVERED,METHOD_MISSED,METHOD_COVERED
JaCoCo Ant Example,br.com.jnfe.base.pl006,RequestAdapterImpl,107,0,2,0,31,0,5,0,4,0
JaCoCo Ant Example,br.com.jnfe.base,ProcEmi,42,0,0,0,9,0,3,0,3,0
JaCoCo Ant Example,br.com.jnfe.base,TUFs,14,0,2,0,4,0,3,0,2,0
JaCoCo Ant Example,br.com.jnfe.base,DefaultNamespacePrefixMapper,46,0,2,0,7,0,5,0,4,0
JaCoCo Ant Example,br.com.jnfe.base,ConsReciNFe,24,0,0,0,10,0,7,0,7,0
JaCoCo Ant Example,br.com.jnfe.base,TpDet,42,0,0,0,11,0,5,0,5,0
JaCoCo Ant Example,br.com.jnfe.base,ModeloNFe,38,0,0,0,7,0,2,0,2,0
JaCoCo Ant Example,br.com.jnfe.base,ContribICMS,35,0,0,0,8,0,3,0,3,0
JaCoCo Ant Example,br.com.jnfe.base,ModBCST,56,0,0,0,11,0,3,0,3,0
JaCoCo Ant Example,br.com.jnfe.base,MotDesICMS,77,0,0,0,14,0,3,0,3,0
JaCoCo Ant Example,br.com.jnfe.base,UF,261,0,4,0,38,0,7,0,5,0
JaCoCo Ant Example,br.com.jnfe.base,IndPag,35,0,0,0,8,0,3,0,3,0
JaCoCo Ant Example,br.com.jnfe.base,TpEmis,49,0,0,0,10,0,3,0,3,0
JaCoCo Ant Example,br.com.jnfe.base,TpNF,28,0,0,0,7,0,3,0,3,0
JaCoCo Ant Example,br.com.jnfe.base,ModFrete,42,0,0,0,9,0,3,0,3,0
JaCoCo Ant Example,br.com.jnfe.base,TpAmb,47,0,4,0,13,0,7,0,5,0
JaCoCo Ant Example,br.com.jnfe.base,TpVeiculo,28,0,0,0,7,0,3,0,3,0
JaCoCo Ant Example,br.com.jnfe.base,TransportKeyStoreBean,199,0,18,0,44,0,21,0,12,0
JaCoCo Ant Example,br.com.jnfe.base,CRT,35,0,0,0,8,0,3,0,3,0
JaCoCo Ant Example,br.com.jnfe.base,ModBC,42,0,0,0,9,0,3,0,3,0
JaCoCo Ant Example,br.com.jnfe.base,Orig,53,0,0,0,12,0,5,0,5,0
JaCoCo Ant Example,br.com.jnfe.base,TpServico,84,0,0,0,17,0,5,0,5,0
JaCoCo Ant Example,br.com.jnfe.base,TpSerie,84,0,6,0,14,0,8,0,5,0
JaCoCo Ant Example,br.com.jnfe.base,CST_Grupo,626,0,4,0,37,0,11,0,9,0
JaCoCo Ant Example,br.com.jnfe.base,TpImp,28,0,0,0,7,0,3,0,3,0
JaCoCo Ant Example,br.com.jnfe.base,SitNFe,98,0,0,0,17,0,5,0,5,0
JaCoCo Ant Example,br.com.jnfe.base,TpObsNFe,28,0,0,0,7,0,3,0,3,0
JaCoCo Ant Example,br.com.jnfe.base,FinNFe,35,0,0,0,8,0,3,0,3,0
JaCoCo Ant Example,br.com.jnfe.base,TProvince,38,0,0,0,14,0,6,0,6,0
JaCoCo Ant Example,br.com.jnfe.base,CST_IPI,172,0,0,0,25,0,6,0,6,0
JaCoCo Ant Example,br.com.jnfe.base,RegimeEspecialTributario,63,0,0,0,12,0,3,0,3,0
JaCoCo Ant Example,br.com.jnfe.base,CST_PIS,224,0,4,0,25,0,9,0,7,0
JaCoCo Ant Example,br.com.jnfe.base,C_ICMS,194,0,0,0,33,0,9,0,9,0
JaCoCo Ant Example,br.com.jnfe.base,CST_COFINS,224,0,4,0,25,0,9,0,7,0
JaCoCo Ant Example,br.com.jnfe.base,IndTot,28,0,0,0,7,0,3,0,3,0
JaCoCo Ant Example,br.com.jnfe.base,CStat,1025,0,0,0,133,0,5,0,5,0
JaCoCo Ant Example,br.com.jnfe.base.util,SecurityUtils,204,0,8,0,53,0,15,0,11,0
JaCoCo Ant Example,br.com.jnfe.base.service,DOMNFeFileReader,79,0,0,0,21,0,5,0,5,0
JaCoCo Ant Example,br.com.jnfe.base.service,SimpleSecurityHandlerBean,171,0,10,0,48,0,12,0,7,0
JaCoCo Ant Example,br.com.jnfe.base.service,DOMNFeSignatureHandler,75,0,6,0,18,0,8,0,5,0
JaCoCo Ant Example,br.com.jnfe.base.service,DOMNFeSignatureBuilder,259,0,12,0,61,0,18,0,12,0
JaCoCo Ant Example,br.com.jnfe.base.service,DOMNFeSigantureFactoryBean,84,0,4,0,25,0,12,0,10,0
JaCoCo Ant Example,br.com.jnfe.base.service,DOMNFeKeyInfoBuilder,30,0,0,0,9,0,4,0,4,0
JaCoCo Ant Example,br.com.jnfe.base.service,Pkcs12SecurityHandlerBean,169,0,10,0,46,0,16,0,11,0
JaCoCo Ant Example,br.com.jnfe.base.service,AbstractSecurityHandlerBean,21,0,0,0,8,0,6,0,6,0
JaCoCo Ant Example,br.com.jnfe.base.service,DOMNFeSignatureHandler.new SecurityCallBack() {...},15,0,0,0,3,0,2,0,2,0
JaCoCo Ant Example,br.com.jnfe.base.service,NFeCalculatorImpl,173,0,14,0,46,0,17,0,10,0
JaCoCo Ant Example,br.com.jnfe.base.service,LoggingFaultMessageResolver,46,0,0,0,13,0,3,0,3,0
JaCoCo Ant Example,br.com.jnfe.base.pl005d,RequestAdapterImpl,126,0,2,0,39,0,5,0,4,0
JaCoCo Ant Example,br.com.jnfe.base.adapter.dom,AbstractNFeDOMAdapter,33,0,0,0,9,0,4,0,4,0
JaCoCo Ant Example,br.com.jnfe.base.adapter,AbstractNFeAdapter,5,0,0,0,2,0,2,0,2,0
JaCoCo Ant Example,br.com.jnfe.base.adapter,AbstractNFeAdaptadorBean,229,0,16,0,58,0,27,0,19,0
