App,TestClass,TestFilePath,ProductionFilePath,RelativeTestFilePath,RelativeProductionFilePath,NumberOfMethods,Assertion Roulette,Conditional Test Logic,Constructor Initialization,Default Test,EmptyTest,Exception Catching Throwing,General Fixture,Mystery Guest,Print Statement,Redundant Assertion,Sensitive Equality,Verbose Test,Sleepy Test,Eager Test,Lazy Test,Duplicate Assert,Unknown Test,IgnoredTest,Resource Optimism,Magic Number Test,Dependent Test
ï»¿Codex-scenario3-4000,HasCloseElements_hasCloseElements_4000_Test.java,/Users/Documents/Portfolio/GitHub/fake/OpenAI/HumanEvalJava-Results/src/test/java/scenario3/HasCloseElements_hasCloseElements_4000_Test.java,/Users/Documents/Portfolio/GitHub/LLM-Based-Test-Generation-Study/HumanEvalJava/src/main/java/scenario3/id_0.java,,,10,0,0,0,0,0,0,0,0,0,0,0,0,0,0,10,0,0,0,0,10,0
Codex-scenario3-4000,SeparateParenGroups_separateParenGroups_4000_Test.java,/Users/Documents/Portfolio/GitHub/fake/OpenAI/HumanEvalJava-Results/src/test/java/scenario3/SeparateParenGroups_separateParenGroups_4000_Test.java,/Users/Documents/Portfolio/GitHub/LLM-Based-Test-Generation-Study/HumanEvalJava/src/main/java/scenario3/id_1.java,,,1,1,0,0,0,0,0,0,0,0,0,0,0,0,1,0,1,0,0,0,1,0
Codex-scenario3-4000,MakePalindrome_makePalindrome_4000_Test.java,/Users/Documents/Portfolio/GitHub/fake/OpenAI/HumanEvalJava-Results/src/test/java/scenario3/MakePalindrome_makePalindrome_4000_Test.java,/Users/Documents/Portfolio/GitHub/LLM-Based-Test-Generation-Study/HumanEvalJava/src/main/java/scenario3/id_10.java,,,10,0,0,0,0,0,0,0,0,0,0,0,0,0,0,10,0,0,0,0,10,0
Codex-scenario3-4000,MakeAPile_makeAPile_4000_Test.java,/Users/Documents/Portfolio/GitHub/fake/OpenAI/HumanEvalJava-Results/src/test/java/scenario3/MakeAPile_makeAPile_4000_Test.java,/Users/Documents/Portfolio/GitHub/LLM-Based-Test-Generation-Study/HumanEvalJava/src/main/java/scenario3/id_100.java,,,1,1,0,0,0,0,0,0,0,0,0,0,0,0,1,0,0,0,0,0,1,0
Codex-scenario3-4000,WordsString_wordsString_4000_Test.java,/Users/Documents/Portfolio/GitHub/fake/OpenAI/HumanEvalJava-Results/src/test/java/scenario3/WordsString_wordsString_4000_Test.java,/Users/Documents/Portfolio/GitHub/LLM-Based-Test-Generation-Study/HumanEvalJava/src/main/java/scenario3/id_101.java,,,10,9,0,0,0,0,0,0,0,0,0,0,0,0,0,10,0,0,0,0,10,0
Codex-scenario3-4000,ChooseNum_chooseNum_4000_Test.java,/Users/Documents/Portfolio/GitHub/fake/OpenAI/HumanEvalJava-Results/src/test/java/scenario3/ChooseNum_chooseNum_4000_Test.java,/Users/Documents/Portfolio/GitHub/LLM-Based-Test-Generation-Study/HumanEvalJava/src/main/java/scenario3/id_102.java,,,10,0,0,0,0,0,0,0,0,0,0,0,0,0,0,10,0,0,0,0,10,0
Codex-scenario3-4000,RoundedAvg_roundedAvg_4000_Test.java,/Users/Documents/Portfolio/GitHub/fake/OpenAI/HumanEvalJava-Results/src/test/java/scenario3/RoundedAvg_roundedAvg_4000_Test.java,/Users/Documents/Portfolio/GitHub/LLM-Based-Test-Generation-Study/HumanEvalJava/src/main/java/scenario3/id_103.java,,,10,0,0,0,0,0,0,0,0,0,0,0,0,0,0,10,0,0,0,0,10,0
Codex-scenario3-4000,ByLength_byLength_4000_Test.java,/Users/Documents/Portfolio/GitHub/fake/OpenAI/HumanEvalJava-Results/src/test/java/scenario3/ByLength_byLength_4000_Test.java,/Users/Documents/Portfolio/GitHub/LLM-Based-Test-Generation-Study/HumanEvalJava/src/main/java/scenario3/id_105.java,,,10,0,0,0,0,0,0,0,0,0,0,0,0,0,0,9,0,1,0,0,10,0
Codex-scenario3-4000,F_f_4000_Test.java,/Users/Documents/Portfolio/GitHub/fake/OpenAI/HumanEvalJava-Results/src/test/java/scenario3/F_f_4000_Test.java,/Users/Documents/Portfolio/GitHub/LLM-Based-Test-Generation-Study/HumanEvalJava/src/main/java/scenario3/id_106.java,,,1,1,0,0,0,0,0,0,0,0,0,0,0,0,1,0,0,0,0,0,1,0
Codex-scenario3-4000,EvenOddPalindrome_evenOddPalindrome_4000_Test.java,/Users/Documents/Portfolio/GitHub/fake/OpenAI/HumanEvalJava-Results/src/test/java/scenario3/EvenOddPalindrome_evenOddPalindrome_4000_Test.java,/Users/Documents/Portfolio/GitHub/LLM-Based-Test-Generation-Study/HumanEvalJava/src/main/java/scenario3/id_107.java,,,10,0,0,0,0,0,0,0,0,0,0,0,0,0,0,10,0,0,0,0,10,0
Codex-scenario3-4000,CountNums_countNums_4000_Test.java,/Users/Documents/Portfolio/GitHub/fake/OpenAI/HumanEvalJava-Results/src/test/java/scenario3/CountNums_countNums_4000_Test.java,/Users/Documents/Portfolio/GitHub/LLM-Based-Test-Generation-Study/HumanEvalJava/src/main/java/scenario3/id_108.java,,,1,1,0,0,0,0,0,0,0,0,0,0,0,0,1,0,0,0,0,0,1,0
Codex-scenario3-4000,MoveOneBall_moveOneBall_4000_Test.java,/Users/Documents/Portfolio/GitHub/fake/OpenAI/HumanEvalJava-Results/src/test/java/scenario3/MoveOneBall_moveOneBall_4000_Test.java,/Users/Documents/Portfolio/GitHub/LLM-Based-Test-Generation-Study/HumanEvalJava/src/main/java/scenario3/id_109.java,,,1,1,0,0,0,0,0,0,0,0,0,0,0,0,1,0,0,0,0,0,1,0
Codex-scenario3-4000,StringXor_stringXor_4000_Test.java,/Users/Documents/Portfolio/GitHub/fake/OpenAI/HumanEvalJava-Results/src/test/java/scenario3/StringXor_stringXor_4000_Test.java,/Users/Documents/Portfolio/GitHub/LLM-Based-Test-Generation-Study/HumanEvalJava/src/main/java/scenario3/id_11.java,,,1,1,0,0,0,0,0,0,0,0,0,0,0,0,1,0,0,0,0,0,1,0
Codex-scenario3-4000,Exchange_exchange_4000_Test.java,/Users/Documents/Portfolio/GitHub/fake/OpenAI/HumanEvalJava-Results/src/test/java/scenario3/Exchange_exchange_4000_Test.java,/Users/Documents/Portfolio/GitHub/LLM-Based-Test-Generation-Study/HumanEvalJava/src/main/java/scenario3/id_110.java,,,10,0,0,0,0,0,0,0,0,0,0,0,0,0,0,10,0,0,0,0,10,0
Codex-scenario3-4000,Histogram_histogram_4000_Test.java,/Users/Documents/Portfolio/GitHub/fake/OpenAI/HumanEvalJava-Results/src/test/java/scenario3/Histogram_histogram_4000_Test.java,/Users/Documents/Portfolio/GitHub/LLM-Based-Test-Generation-Study/HumanEvalJava/src/main/java/scenario3/id_111.java,,,1,1,0,0,0,0,0,0,0,0,0,0,0,0,1,0,1,0,0,0,1,0
Codex-scenario3-4000,ReverseDelete_reverseDelete_4000_Test.java,/Users/Documents/Portfolio/GitHub/fake/OpenAI/HumanEvalJava-Results/src/test/java/scenario3/ReverseDelete_reverseDelete_4000_Test.java,/Users/Documents/Portfolio/GitHub/LLM-Based-Test-Generation-Study/HumanEvalJava/src/main/java/scenario3/id_112.java,,,10,10,0,0,0,0,0,0,0,0,0,0,0,0,0,10,0,0,0,0,10,0
Codex-scenario3-4000,OddCount_oddCount_4000_Test.java,/Users/Documents/Portfolio/GitHub/fake/OpenAI/HumanEvalJava-Results/src/test/java/scenario3/OddCount_oddCount_4000_Test.java,/Users/Documents/Portfolio/GitHub/LLM-Based-Test-Generation-Study/HumanEvalJava/src/main/java/scenario3/id_113.java,,,10,0,0,0,0,0,0,0,0,0,0,0,0,0,0,10,0,0,0,0,10,0
Codex-scenario3-4000,Minsubarraysum_minsubarraysum_4000_Test.java,/Users/Documents/Portfolio/GitHub/fake/OpenAI/HumanEvalJava-Results/src/test/java/scenario3/Minsubarraysum_minsubarraysum_4000_Test.java,/Users/Documents/Portfolio/GitHub/LLM-Based-Test-Generation-Study/HumanEvalJava/src/main/java/scenario3/id_114.java,,,1,1,0,0,0,0,0,0,0,0,0,0,0,0,1,0,0,0,0,0,1,0
Codex-scenario3-4000,MaxFill_maxFill_4000_Test.java,/Users/Documents/Portfolio/GitHub/fake/OpenAI/HumanEvalJava-Results/src/test/java/scenario3/MaxFill_maxFill_4000_Test.java,/Users/Documents/Portfolio/GitHub/LLM-Based-Test-Generation-Study/HumanEvalJava/src/main/java/scenario3/id_115.java,,,10,0,0,0,0,0,0,0,0,0,0,0,0,0,0,10,0,0,0,0,10,0
Codex-scenario3-4000,SortArray_sortArray_4000_Test.java,/Users/Documents/Portfolio/GitHub/fake/OpenAI/HumanEvalJava-Results/src/test/java/scenario3/SortArray_sortArray_4000_Test.java,/Users/Documents/Portfolio/GitHub/LLM-Based-Test-Generation-Study/HumanEvalJava/src/main/java/scenario3/id_116.java,,,1,1,0,0,0,0,0,0,0,0,0,0,0,0,1,0,1,0,0,0,1,0
Codex-scenario3-4000,SelectWords_selectWords_4000_Test.java,/Users/Documents/Portfolio/GitHub/fake/OpenAI/HumanEvalJava-Results/src/test/java/scenario3/SelectWords_selectWords_4000_Test.java,/Users/Documents/Portfolio/GitHub/LLM-Based-Test-Generation-Study/HumanEvalJava/src/main/java/scenario3/id_117.java,,,10,5,0,0,0,0,0,0,0,0,0,0,0,0,0,10,0,0,0,0,10,0
Codex-scenario3-4000,GetClosestVowel_getClosestVowel_4000_Test.java,/Users/Documents/Portfolio/GitHub/fake/OpenAI/HumanEvalJava-Results/src/test/java/scenario3/GetClosestVowel_getClosestVowel_4000_Test.java,/Users/Documents/Portfolio/GitHub/LLM-Based-Test-Generation-Study/HumanEvalJava/src/main/java/scenario3/id_118.java,,,1,1,0,0,0,0,0,0,0,0,0,0,0,0,1,0,0,0,0,0,1,0
Codex-scenario3-4000,MatchParens_matchParens_4000_Test.java,/Users/Documents/Portfolio/GitHub/fake/OpenAI/HumanEvalJava-Results/src/test/java/scenario3/MatchParens_matchParens_4000_Test.java,/Users/Documents/Portfolio/GitHub/LLM-Based-Test-Generation-Study/HumanEvalJava/src/main/java/scenario3/id_119.java,,,10,0,0,0,0,0,0,0,0,0,0,0,0,0,0,10,0,0,0,0,10,0
Codex-scenario3-4000,Longest_longest_4000_Test.java,/Users/Documents/Portfolio/GitHub/fake/OpenAI/HumanEvalJava-Results/src/test/java/scenario3/Longest_longest_4000_Test.java,/Users/Documents/Portfolio/GitHub/LLM-Based-Test-Generation-Study/HumanEvalJava/src/main/java/scenario3/id_12.java,,,10,0,0,0,0,0,0,0,0,0,0,0,0,0,0,10,0,0,0,0,10,0
Codex-scenario3-4000,Solution_solution_4000_Test.java,/Users/Documents/Portfolio/GitHub/fake/OpenAI/HumanEvalJava-Results/src/test/java/scenario3/Solution_solution_4000_Test.java,/Users/Documents/Portfolio/GitHub/LLM-Based-Test-Generation-Study/HumanEvalJava/src/main/java/scenario3/id_121.java,,,1,1,0,0,0,0,0,0,0,0,0,0,0,0,1,0,0,0,0,0,1,0
Codex-scenario3-4000,AddElements_addElements_4000_Test.java,/Users/Documents/Portfolio/GitHub/fake/OpenAI/HumanEvalJava-Results/src/test/java/scenario3/AddElements_addElements_4000_Test.java,/Users/Documents/Portfolio/GitHub/LLM-Based-Test-Generation-Study/HumanEvalJava/src/main/java/scenario3/id_122.java,,,1,1,0,0,0,0,0,0,0,0,0,0,0,0,1,0,0,0,0,0,1,0
Codex-scenario3-4000,GetOddCollatz_getOddCollatz_4000_Test.java,/Users/Documents/Portfolio/GitHub/fake/OpenAI/HumanEvalJava-Results/src/test/java/scenario3/GetOddCollatz_getOddCollatz_4000_Test.java,/Users/Documents/Portfolio/GitHub/LLM-Based-Test-Generation-Study/HumanEvalJava/src/main/java/scenario3/id_123.java,,,1,1,0,0,0,0,0,0,0,0,0,0,0,0,1,0,1,0,0,0,1,0
Codex-scenario3-4000,ValidDate_validDate_4000_Test.java,/Users/Documents/Portfolio/GitHub/fake/OpenAI/HumanEvalJava-Results/src/test/java/scenario3/ValidDate_validDate_4000_Test.java,/Users/Documents/Portfolio/GitHub/LLM-Based-Test-Generation-Study/HumanEvalJava/src/main/java/scenario3/id_124.java,,,1,1,0,0,0,0,0,0,0,0,0,0,0,0,1,0,0,0,0,0,1,0
Codex-scenario3-4000,IsSorted_isSorted_4000_Test.java,/Users/Documents/Portfolio/GitHub/fake/OpenAI/HumanEvalJava-Results/src/test/java/scenario3/IsSorted_isSorted_4000_Test.java,/Users/Documents/Portfolio/GitHub/LLM-Based-Test-Generation-Study/HumanEvalJava/src/main/java/scenario3/id_126.java,,,1,1,0,0,0,0,0,0,0,0,0,0,0,0,1,0,0,0,0,0,1,0
Codex-scenario3-4000,Intersection_intersection_4000_Test.java,/Users/Documents/Portfolio/GitHub/fake/OpenAI/HumanEvalJava-Results/src/test/java/scenario3/Intersection_intersection_4000_Test.java,/Users/Documents/Portfolio/GitHub/LLM-Based-Test-Generation-Study/HumanEvalJava/src/main/java/scenario3/id_127.java,,,1,1,0,0,0,0,0,0,0,0,0,0,0,0,1,0,0,0,0,0,1,0
Codex-scenario3-4000,ProdSigns_prodSigns_4000_Test.java,/Users/Documents/Portfolio/GitHub/fake/OpenAI/HumanEvalJava-Results/src/test/java/scenario3/ProdSigns_prodSigns_4000_Test.java,/Users/Documents/Portfolio/GitHub/LLM-Based-Test-Generation-Study/HumanEvalJava/src/main/java/scenario3/id_128.java,,,1,1,0,0,0,0,0,0,0,0,0,0,0,0,1,0,0,0,0,0,1,0
Codex-scenario3-4000,Minpath_minpath_4000_Test.java,/Users/Documents/Portfolio/GitHub/fake/OpenAI/HumanEvalJava-Results/src/test/java/scenario3/Minpath_minpath_4000_Test.java,/Users/Documents/Portfolio/GitHub/LLM-Based-Test-Generation-Study/HumanEvalJava/src/main/java/scenario3/id_129.java,,,10,0,0,0,0,0,0,0,0,0,0,0,0,0,0,10,0,0,0,0,10,0
Codex-scenario3-4000,GreatestCommonDivisor_greatestCommonDivisor_4000_Test.java,/Users/Documents/Portfolio/GitHub/fake/OpenAI/HumanEvalJava-Results/src/test/java/scenario3/GreatestCommonDivisor_greatestCommonDivisor_4000_Test.java,/Users/Documents/Portfolio/GitHub/LLM-Based-Test-Generation-Study/HumanEvalJava/src/main/java/scenario3/id_13.java,,,10,0,0,0,0,0,0,0,0,0,0,0,0,0,0,10,0,0,0,0,10,0
Codex-scenario3-4000,Tri_tri_4000_Test.java,/Users/Documents/Portfolio/GitHub/fake/OpenAI/HumanEvalJava-Results/src/test/java/scenario3/Tri_tri_4000_Test.java,/Users/Documents/Portfolio/GitHub/LLM-Based-Test-Generation-Study/HumanEvalJava/src/main/java/scenario3/id_130.java,,,10,0,0,0,0,0,0,0,0,0,0,0,0,0,0,10,0,0,0,0,10,0
Codex-scenario3-4000,Digits_digits_4000_Test.java,/Users/Documents/Portfolio/GitHub/fake/OpenAI/HumanEvalJava-Results/src/test/java/scenario3/Digits_digits_4000_Test.java,/Users/Documents/Portfolio/GitHub/LLM-Based-Test-Generation-Study/HumanEvalJava/src/main/java/scenario3/id_131.java,,,10,0,0,0,0,0,0,0,0,0,0,0,0,0,0,10,0,0,0,0,10,0
Codex-scenario3-4000,IsNested_isNested_4000_Test.java,/Users/Documents/Portfolio/GitHub/fake/OpenAI/HumanEvalJava-Results/src/test/java/scenario3/IsNested_isNested_4000_Test.java,/Users/Documents/Portfolio/GitHub/LLM-Based-Test-Generation-Study/HumanEvalJava/src/main/java/scenario3/id_132.java,,,1,1,0,0,0,0,0,0,0,0,0,0,0,0,1,0,0,0,0,0,1,0
Codex-scenario3-4000,SumSquares_sumSquares_4000_Test.java,/Users/Documents/Portfolio/GitHub/fake/OpenAI/HumanEvalJava-Results/src/test/java/scenario3/SumSquares_sumSquares_4000_Test.java,/Users/Documents/Portfolio/GitHub/LLM-Based-Test-Generation-Study/HumanEvalJava/src/main/java/scenario3/id_133.java,,,1,1,0,0,0,0,0,0,0,0,0,0,0,0,1,0,0,0,0,0,1,0
Codex-scenario3-4000,CheckIfLastCharIsALetter_checkIfLastCharIsALetter_4000_Test.java,/Users/Documents/Portfolio/GitHub/fake/OpenAI/HumanEvalJava-Results/src/test/java/scenario3/CheckIfLastCharIsALetter_checkIfLastCharIsALetter_4000_Test.java,/Users/Documents/Portfolio/GitHub/LLM-Based-Test-Generation-Study/HumanEvalJava/src/main/java/scenario3/id_134.java,,,1,1,0,0,0,0,0,0,0,0,0,0,0,0,1,0,0,0,0,0,1,0
Codex-scenario3-4000,CanArrange_canArrange_4000_Test.java,/Users/Documents/Portfolio/GitHub/fake/OpenAI/HumanEvalJava-Results/src/test/java/scenario3/CanArrange_canArrange_4000_Test.java,/Users/Documents/Portfolio/GitHub/LLM-Based-Test-Generation-Study/HumanEvalJava/src/main/java/scenario3/id_135.java,,,1,1,0,0,0,0,0,0,0,0,0,0,0,0,1,0,0,0,0,0,1,0
Codex-scenario3-4000,LargestSmallestIntegers_largestSmallestIntegers_4000_Test.java,/Users/Documents/Portfolio/GitHub/fake/OpenAI/HumanEvalJava-Results/src/test/java/scenario3/LargestSmallestIntegers_largestSmallestIntegers_4000_Test.java,/Users/Documents/Portfolio/GitHub/LLM-Based-Test-Generation-Study/HumanEvalJava/src/main/java/scenario3/id_136.java,,,1,1,0,0,0,0,0,0,0,0,0,0,0,0,1,0,0,0,0,0,1,0
Codex-scenario3-4000,CompareOne_compareOne_4000_Test.java,/Users/Documents/Portfolio/GitHub/fake/OpenAI/HumanEvalJava-Results/src/test/java/scenario3/CompareOne_compareOne_4000_Test.java,/Users/Documents/Portfolio/GitHub/LLM-Based-Test-Generation-Study/HumanEvalJava/src/main/java/scenario3/id_137.java,,,1,1,0,0,0,0,0,0,0,0,0,0,0,0,1,0,0,0,0,0,1,0
Codex-scenario3-4000,IsEqualToSumEven_isEqualToSumEven_4000_Test.java,/Users/Documents/Portfolio/GitHub/fake/OpenAI/HumanEvalJava-Results/src/test/java/scenario3/IsEqualToSumEven_isEqualToSumEven_4000_Test.java,/Users/Documents/Portfolio/GitHub/LLM-Based-Test-Generation-Study/HumanEvalJava/src/main/java/scenario3/id_138.java,,,1,1,0,0,0,0,0,0,0,0,0,0,0,0,1,0,0,0,0,0,1,0
Codex-scenario3-4000,SpecialFactorial_specialFactorial_4000_Test.java,/Users/Documents/Portfolio/GitHub/fake/OpenAI/HumanEvalJava-Results/src/test/java/scenario3/SpecialFactorial_specialFactorial_4000_Test.java,/Users/Documents/Portfolio/GitHub/LLM-Based-Test-Generation-Study/HumanEvalJava/src/main/java/scenario3/id_139.java,,,1,1,0,0,0,0,0,0,0,0,0,0,0,0,1,0,0,0,0,0,1,0
Codex-scenario3-4000,AllPrefixes_allPrefixes_4000_Test.java,/Users/Documents/Portfolio/GitHub/fake/OpenAI/HumanEvalJava-Results/src/test/java/scenario3/AllPrefixes_allPrefixes_4000_Test.java,/Users/Documents/Portfolio/GitHub/LLM-Based-Test-Generation-Study/HumanEvalJava/src/main/java/scenario3/id_14.java,,,10,9,0,0,0,0,0,0,0,0,0,0,0,0,0,10,0,0,0,0,10,0
Codex-scenario3-4000,FileNameCheck_fileNameCheck_4000_Test.java,/Users/Documents/Portfolio/GitHub/fake/OpenAI/HumanEvalJava-Results/src/test/java/scenario3/FileNameCheck_fileNameCheck_4000_Test.java,/Users/Documents/Portfolio/GitHub/LLM-Based-Test-Generation-Study/HumanEvalJava/src/main/java/scenario3/id_141.java,,,1,1,0,0,0,0,0,0,0,0,0,0,0,0,1,0,0,0,0,0,1,0
Codex-scenario3-4000,SumSquares1_sumSquares_4000_Test.java,/Users/Documents/Portfolio/GitHub/fake/OpenAI/HumanEvalJava-Results/src/test/java/scenario3/SumSquares1_sumSquares_4000_Test.java,/Users/Documents/Portfolio/GitHub/LLM-Based-Test-Generation-Study/HumanEvalJava/src/main/java/scenario3/id_142.java,,,10,0,0,0,0,0,0,0,0,0,0,0,0,0,0,10,0,0,0,0,10,0
Codex-scenario3-4000,WordsInSentence_wordsInSentence_4000_Test.java,/Users/Documents/Portfolio/GitHub/fake/OpenAI/HumanEvalJava-Results/src/test/java/scenario3/WordsInSentence_wordsInSentence_4000_Test.java,/Users/Documents/Portfolio/GitHub/LLM-Based-Test-Generation-Study/HumanEvalJava/src/main/java/scenario3/id_143.java,,,10,0,0,0,0,0,0,0,0,0,0,0,0,0,0,10,0,0,0,0,10,0
Codex-scenario3-4000,Simplify_simplify_4000_Test.java,/Users/Documents/Portfolio/GitHub/fake/OpenAI/HumanEvalJava-Results/src/test/java/scenario3/Simplify_simplify_4000_Test.java,/Users/Documents/Portfolio/GitHub/LLM-Based-Test-Generation-Study/HumanEvalJava/src/main/java/scenario3/id_144.java,,,1,1,0,0,0,0,0,0,0,0,0,0,0,0,1,0,1,0,0,0,1,0
Codex-scenario3-4000,OrderByPoints_orderByPoints_4000_Test.java,/Users/Documents/Portfolio/GitHub/fake/OpenAI/HumanEvalJava-Results/src/test/java/scenario3/OrderByPoints_orderByPoints_4000_Test.java,/Users/Documents/Portfolio/GitHub/LLM-Based-Test-Generation-Study/HumanEvalJava/src/main/java/scenario3/id_145.java,,,1,1,0,0,0,0,0,0,0,0,0,0,0,0,1,0,1,0,0,0,1,0
Codex-scenario3-4000,Specialfilter_specialfilter_4000_Test.java,/Users/Documents/Portfolio/GitHub/fake/OpenAI/HumanEvalJava-Results/src/test/java/scenario3/Specialfilter_specialfilter_4000_Test.java,/Users/Documents/Portfolio/GitHub/LLM-Based-Test-Generation-Study/HumanEvalJava/src/main/java/scenario3/id_146.java,,,1,1,0,0,0,0,0,0,0,0,0,0,0,0,1,0,0,0,0,0,1,0
Codex-scenario3-4000,GetMaxTriples_getMaxTriples_4000_Test.java,/Users/Documents/Portfolio/GitHub/fake/OpenAI/HumanEvalJava-Results/src/test/java/scenario3/GetMaxTriples_getMaxTriples_4000_Test.java,/Users/Documents/Portfolio/GitHub/LLM-Based-Test-Generation-Study/HumanEvalJava/src/main/java/scenario3/id_147.java,,,1,1,0,0,0,0,0,0,0,0,0,0,0,0,1,0,0,0,0,0,1,0
Codex-scenario3-4000,Bf_bf_4000_Test.java,/Users/Documents/Portfolio/GitHub/fake/OpenAI/HumanEvalJava-Results/src/test/java/scenario3/Bf_bf_4000_Test.java,/Users/Documents/Portfolio/GitHub/LLM-Based-Test-Generation-Study/HumanEvalJava/src/main/java/scenario3/id_148.java,,,10,4,0,0,0,0,0,0,0,0,0,0,0,0,0,10,0,0,0,0,10,0
Codex-scenario3-4000,SortedListSum_sortedListSum_4000_Test.java,/Users/Documents/Portfolio/GitHub/fake/OpenAI/HumanEvalJava-Results/src/test/java/scenario3/SortedListSum_sortedListSum_4000_Test.java,/Users/Documents/Portfolio/GitHub/LLM-Based-Test-Generation-Study/HumanEvalJava/src/main/java/scenario3/id_149.java,,,10,0,0,0,0,0,0,0,0,0,0,0,0,0,0,10,0,0,0,0,10,0
Codex-scenario3-4000,StringSequence_stringSequence_4000_Test.java,/Users/Documents/Portfolio/GitHub/fake/OpenAI/HumanEvalJava-Results/src/test/java/scenario3/StringSequence_stringSequence_4000_Test.java,/Users/Documents/Portfolio/GitHub/LLM-Based-Test-Generation-Study/HumanEvalJava/src/main/java/scenario3/id_15.java,,,11,0,0,0,0,0,0,0,0,0,0,0,0,0,0,11,0,0,0,0,11,0
Codex-scenario3-4000,XOrY_xOrY_4000_Test.java,/Users/Documents/Portfolio/GitHub/fake/OpenAI/HumanEvalJava-Results/src/test/java/scenario3/XOrY_xOrY_4000_Test.java,/Users/Documents/Portfolio/GitHub/LLM-Based-Test-Generation-Study/HumanEvalJava/src/main/java/scenario3/id_150.java,,,1,1,0,0,0,0,0,0,0,0,0,0,0,0,1,0,0,0,0,0,1,0
Codex-scenario3-4000,DoubleTheDifference_doubleTheDifference_4000_Test.java,/Users/Documents/Portfolio/GitHub/fake/OpenAI/HumanEvalJava-Results/src/test/java/scenario3/DoubleTheDifference_doubleTheDifference_4000_Test.java,/Users/Documents/Portfolio/GitHub/LLM-Based-Test-Generation-Study/HumanEvalJava/src/main/java/scenario3/id_151.java,,,12,10,0,0,0,0,0,0,0,0,0,0,0,0,10,42,0,0,0,0,12,0
Codex-scenario3-4000,Compare_compare_4000_Test.java,/Users/Documents/Portfolio/GitHub/fake/OpenAI/HumanEvalJava-Results/src/test/java/scenario3/Compare_compare_4000_Test.java,/Users/Documents/Portfolio/GitHub/LLM-Based-Test-Generation-Study/HumanEvalJava/src/main/java/scenario3/id_152.java,,,10,0,0,0,0,0,0,0,0,0,0,0,0,0,0,10,0,0,0,0,10,0
Codex-scenario3-4000,StrongestExtension_strongestExtension_4000_Test.java,/Users/Documents/Portfolio/GitHub/fake/OpenAI/HumanEvalJava-Results/src/test/java/scenario3/StrongestExtension_strongestExtension_4000_Test.java,/Users/Documents/Portfolio/GitHub/LLM-Based-Test-Generation-Study/HumanEvalJava/src/main/java/scenario3/id_153.java,,,1,1,0,0,0,0,0,0,0,0,0,0,0,0,1,0,0,0,0,0,1,0
Codex-scenario3-4000,CycpatternCheck_cycpatternCheck_4000_Test.java,/Users/Documents/Portfolio/GitHub/fake/OpenAI/HumanEvalJava-Results/src/test/java/scenario3/CycpatternCheck_cycpatternCheck_4000_Test.java,/Users/Documents/Portfolio/GitHub/LLM-Based-Test-Generation-Study/HumanEvalJava/src/main/java/scenario3/id_154.java,,,1,1,0,0,0,0,0,0,0,0,0,0,0,0,1,0,0,0,0,0,1,0
Codex-scenario3-4000,EvenOddCount_evenOddCount_4000_Test.java,/Users/Documents/Portfolio/GitHub/fake/OpenAI/HumanEvalJava-Results/src/test/java/scenario3/EvenOddCount_evenOddCount_4000_Test.java,/Users/Documents/Portfolio/GitHub/LLM-Based-Test-Generation-Study/HumanEvalJava/src/main/java/scenario3/id_155.java,,,1,1,0,0,0,0,0,0,0,0,0,0,0,0,1,0,0,0,0,0,1,0
Codex-scenario3-4000,IntToMiniRoman_intToMiniRoman_4000_Test.java,/Users/Documents/Portfolio/GitHub/fake/OpenAI/HumanEvalJava-Results/src/test/java/scenario3/IntToMiniRoman_intToMiniRoman_4000_Test.java,/Users/Documents/Portfolio/GitHub/LLM-Based-Test-Generation-Study/HumanEvalJava/src/main/java/scenario3/id_156.java,,,1,1,0,0,0,0,0,0,0,0,0,0,0,0,1,0,0,0,0,0,1,0
Codex-scenario3-4000,RightAngleTriangle_rightAngleTriangle_4000_Test.java,/Users/Documents/Portfolio/GitHub/fake/OpenAI/HumanEvalJava-Results/src/test/java/scenario3/RightAngleTriangle_rightAngleTriangle_4000_Test.java,/Users/Documents/Portfolio/GitHub/LLM-Based-Test-Generation-Study/HumanEvalJava/src/main/java/scenario3/id_157.java,,,1,1,0,0,0,0,0,0,0,0,0,0,0,0,1,0,0,0,0,0,1,0
Codex-scenario3-4000,FindMax_findMax_4000_Test.java,/Users/Documents/Portfolio/GitHub/fake/OpenAI/HumanEvalJava-Results/src/test/java/scenario3/FindMax_findMax_4000_Test.java,/Users/Documents/Portfolio/GitHub/LLM-Based-Test-Generation-Study/HumanEvalJava/src/main/java/scenario3/id_158.java,,,1,1,0,0,0,0,0,0,0,0,0,0,0,0,1,0,0,0,0,0,1,0
Codex-scenario3-4000,Eat_eat_4000_Test.java,/Users/Documents/Portfolio/GitHub/fake/OpenAI/HumanEvalJava-Results/src/test/java/scenario3/Eat_eat_4000_Test.java,/Users/Documents/Portfolio/GitHub/LLM-Based-Test-Generation-Study/HumanEvalJava/src/main/java/scenario3/id_159.java,,,10,10,0,0,0,0,0,0,0,0,0,0,0,0,0,10,0,0,0,0,10,0
Codex-scenario3-4000,CountDistinctCharacters_countDistinctCharacters_4000_Test.java,/Users/Documents/Portfolio/GitHub/fake/OpenAI/HumanEvalJava-Results/src/test/java/scenario3/CountDistinctCharacters_countDistinctCharacters_4000_Test.java,/Users/Documents/Portfolio/GitHub/LLM-Based-Test-Generation-Study/HumanEvalJava/src/main/java/scenario3/id_16.java,,,1,1,0,0,0,0,0,0,0,0,0,0,0,0,1,0,0,0,0,0,1,0
Codex-scenario3-4000,Solve_solve_4000_Test.java,/Users/Documents/Portfolio/GitHub/fake/OpenAI/HumanEvalJava-Results/src/test/java/scenario3/Solve_solve_4000_Test.java,/Users/Documents/Portfolio/GitHub/LLM-Based-Test-Generation-Study/HumanEvalJava/src/main/java/scenario3/id_161.java,,,1,1,0,0,0,0,0,0,0,0,0,0,0,0,1,0,1,0,0,0,1,0
Codex-scenario3-4000,StringToMd5_stringToMd5_4000_Test.java,/Users/Documents/Portfolio/GitHub/fake/OpenAI/HumanEvalJava-Results/src/test/java/scenario3/StringToMd5_stringToMd5_4000_Test.java,/Users/Documents/Portfolio/GitHub/LLM-Based-Test-Generation-Study/HumanEvalJava/src/main/java/scenario3/id_162.java,,,10,0,0,0,0,0,0,0,0,0,0,0,0,0,0,10,0,0,0,0,10,0
Codex-scenario3-4000,GenerateIntegers_generateIntegers_4000_Test.java,/Users/Documents/Portfolio/GitHub/fake/OpenAI/HumanEvalJava-Results/src/test/java/scenario3/GenerateIntegers_generateIntegers_4000_Test.java,/Users/Documents/Portfolio/GitHub/LLM-Based-Test-Generation-Study/HumanEvalJava/src/main/java/scenario3/id_163.java,,,10,8,0,0,0,0,0,0,0,0,0,0,0,0,0,10,0,0,0,0,10,0
Codex-scenario3-4000,ParseMusic_parseMusic_4000_Test.java,/Users/Documents/Portfolio/GitHub/fake/OpenAI/HumanEvalJava-Results/src/test/java/scenario3/ParseMusic_parseMusic_4000_Test.java,/Users/Documents/Portfolio/GitHub/LLM-Based-Test-Generation-Study/HumanEvalJava/src/main/java/scenario3/id_17.java,,,10,9,0,0,0,0,0,0,0,0,0,0,0,0,0,10,0,0,0,0,10,0
Codex-scenario3-4000,HowManyTimes_howManyTimes_4000_Test.java,/Users/Documents/Portfolio/GitHub/fake/OpenAI/HumanEvalJava-Results/src/test/java/scenario3/HowManyTimes_howManyTimes_4000_Test.java,/Users/Documents/Portfolio/GitHub/LLM-Based-Test-Generation-Study/HumanEvalJava/src/main/java/scenario3/id_18.java,,,10,0,0,0,0,0,0,0,0,0,0,0,0,0,0,10,0,0,0,0,10,0
Codex-scenario3-4000,SortNumbers_sortNumbers_4000_Test.java,/Users/Documents/Portfolio/GitHub/fake/OpenAI/HumanEvalJava-Results/src/test/java/scenario3/SortNumbers_sortNumbers_4000_Test.java,/Users/Documents/Portfolio/GitHub/LLM-Based-Test-Generation-Study/HumanEvalJava/src/main/java/scenario3/id_19.java,,,1,1,0,0,0,0,0,0,0,0,0,0,0,0,1,0,0,0,0,0,1,0
Codex-scenario3-4000,TruncateNumber_truncateNumber_4000_Test.java,/Users/Documents/Portfolio/GitHub/fake/OpenAI/HumanEvalJava-Results/src/test/java/scenario3/TruncateNumber_truncateNumber_4000_Test.java,/Users/Documents/Portfolio/GitHub/LLM-Based-Test-Generation-Study/HumanEvalJava/src/main/java/scenario3/id_2.java,,,1,1,0,0,0,0,0,0,0,0,0,0,0,0,1,0,0,0,0,0,1,0
Codex-scenario3-4000,FindClosestElements_findClosestElements_4000_Test.java,/Users/Documents/Portfolio/GitHub/fake/OpenAI/HumanEvalJava-Results/src/test/java/scenario3/FindClosestElements_findClosestElements_4000_Test.java,/Users/Documents/Portfolio/GitHub/LLM-Based-Test-Generation-Study/HumanEvalJava/src/main/java/scenario3/id_20.java,,,10,0,0,0,0,0,0,0,0,0,0,0,0,0,0,10,0,0,0,0,10,0
Codex-scenario3-4000,RescaleToUnit_rescaleToUnit_4000_Test.java,/Users/Documents/Portfolio/GitHub/fake/OpenAI/HumanEvalJava-Results/src/test/java/scenario3/RescaleToUnit_rescaleToUnit_4000_Test.java,/Users/Documents/Portfolio/GitHub/LLM-Based-Test-Generation-Study/HumanEvalJava/src/main/java/scenario3/id_21.java,,,10,0,0,0,0,0,0,0,0,0,0,0,0,0,0,10,0,0,0,0,10,0
Codex-scenario3-4000,FilterIntegers_filterIntegers_4000_Test.java,/Users/Documents/Portfolio/GitHub/fake/OpenAI/HumanEvalJava-Results/src/test/java/scenario3/FilterIntegers_filterIntegers_4000_Test.java,/Users/Documents/Portfolio/GitHub/LLM-Based-Test-Generation-Study/HumanEvalJava/src/main/java/scenario3/id_22.java,,,10,0,0,0,0,0,0,0,0,0,0,0,0,0,0,10,0,0,0,0,10,0
Codex-scenario3-4000,Strlen_strlen_4000_Test.java,/Users/Documents/Portfolio/GitHub/fake/OpenAI/HumanEvalJava-Results/src/test/java/scenario3/Strlen_strlen_4000_Test.java,/Users/Documents/Portfolio/GitHub/LLM-Based-Test-Generation-Study/HumanEvalJava/src/main/java/scenario3/id_23.java,,,10,0,0,0,0,0,0,0,0,0,0,0,0,0,0,10,0,0,0,0,10,0
Codex-scenario3-4000,LargestDivisor_largestDivisor_4000_Test.java,/Users/Documents/Portfolio/GitHub/fake/OpenAI/HumanEvalJava-Results/src/test/java/scenario3/LargestDivisor_largestDivisor_4000_Test.java,/Users/Documents/Portfolio/GitHub/LLM-Based-Test-Generation-Study/HumanEvalJava/src/main/java/scenario3/id_24.java,,,1,1,0,0,0,0,0,0,0,0,0,0,0,0,1,0,0,0,0,0,1,0
Codex-scenario3-4000,Factorize_factorize_4000_Test.java,/Users/Documents/Portfolio/GitHub/fake/OpenAI/HumanEvalJava-Results/src/test/java/scenario3/Factorize_factorize_4000_Test.java,/Users/Documents/Portfolio/GitHub/LLM-Based-Test-Generation-Study/HumanEvalJava/src/main/java/scenario3/id_25.java,,,10,0,0,0,0,0,0,0,0,0,0,0,0,0,0,10,0,0,0,0,10,0
Codex-scenario3-4000,RemoveDuplicates_removeDuplicates_4000_Test.java,/Users/Documents/Portfolio/GitHub/fake/OpenAI/HumanEvalJava-Results/src/test/java/scenario3/RemoveDuplicates_removeDuplicates_4000_Test.java,/Users/Documents/Portfolio/GitHub/LLM-Based-Test-Generation-Study/HumanEvalJava/src/main/java/scenario3/id_26.java,,,10,0,0,0,0,0,0,0,0,0,0,0,0,0,0,10,0,0,0,0,10,0
Codex-scenario3-4000,FlipCase_flipCase_4000_Test.java,/Users/Documents/Portfolio/GitHub/fake/OpenAI/HumanEvalJava-Results/src/test/java/scenario3/FlipCase_flipCase_4000_Test.java,/Users/Documents/Portfolio/GitHub/LLM-Based-Test-Generation-Study/HumanEvalJava/src/main/java/scenario3/id_27.java,,,1,1,0,0,0,0,0,0,0,0,0,0,0,0,1,0,0,0,0,0,1,0
Codex-scenario3-4000,Concatenate_concatenate_4000_Test.java,/Users/Documents/Portfolio/GitHub/fake/OpenAI/HumanEvalJava-Results/src/test/java/scenario3/Concatenate_concatenate_4000_Test.java,/Users/Documents/Portfolio/GitHub/LLM-Based-Test-Generation-Study/HumanEvalJava/src/main/java/scenario3/id_28.java,,,10,0,0,0,0,0,0,0,0,0,0,0,0,0,0,10,0,0,0,0,10,0
Codex-scenario3-4000,FilterByPrefix_filterByPrefix_4000_Test.java,/Users/Documents/Portfolio/GitHub/fake/OpenAI/HumanEvalJava-Results/src/test/java/scenario3/FilterByPrefix_filterByPrefix_4000_Test.java,/Users/Documents/Portfolio/GitHub/LLM-Based-Test-Generation-Study/HumanEvalJava/src/main/java/scenario3/id_29.java,,,31,0,0,0,0,0,0,0,0,0,0,0,0,0,0,31,0,0,0,0,31,0
Codex-scenario3-4000,BelowZero_belowZero_4000_Test.java,/Users/Documents/Portfolio/GitHub/fake/OpenAI/HumanEvalJava-Results/src/test/java/scenario3/BelowZero_belowZero_4000_Test.java,/Users/Documents/Portfolio/GitHub/LLM-Based-Test-Generation-Study/HumanEvalJava/src/main/java/scenario3/id_3.java,,,1,1,0,0,0,0,0,0,0,0,0,0,0,0,1,0,0,0,0,0,1,0
Codex-scenario3-4000,GetPositive_getPositive_4000_Test.java,/Users/Documents/Portfolio/GitHub/fake/OpenAI/HumanEvalJava-Results/src/test/java/scenario3/GetPositive_getPositive_4000_Test.java,/Users/Documents/Portfolio/GitHub/LLM-Based-Test-Generation-Study/HumanEvalJava/src/main/java/scenario3/id_30.java,,,1,1,0,0,0,0,0,0,0,0,0,0,0,0,1,0,0,0,0,0,1,0
Codex-scenario3-4000,IsPrime_isPrime_4000_Test.java,/Users/Documents/Portfolio/GitHub/fake/OpenAI/HumanEvalJava-Results/src/test/java/scenario3/IsPrime_isPrime_4000_Test.java,/Users/Documents/Portfolio/GitHub/LLM-Based-Test-Generation-Study/HumanEvalJava/src/main/java/scenario3/id_31.java,,,1,1,0,0,0,0,0,0,0,0,0,0,0,0,1,0,1,0,0,0,1,0
Codex-scenario3-4000,SortThird_sortThird_4000_Test.java,/Users/Documents/Portfolio/GitHub/fake/OpenAI/HumanEvalJava-Results/src/test/java/scenario3/SortThird_sortThird_4000_Test.java,/Users/Documents/Portfolio/GitHub/LLM-Based-Test-Generation-Study/HumanEvalJava/src/main/java/scenario3/id_33.java,,,10,0,0,0,0,0,0,0,0,0,0,0,0,0,0,10,0,0,0,0,10,0
Codex-scenario3-4000,Unique_unique_4000_Test.java,/Users/Documents/Portfolio/GitHub/fake/OpenAI/HumanEvalJava-Results/src/test/java/scenario3/Unique_unique_4000_Test.java,/Users/Documents/Portfolio/GitHub/LLM-Based-Test-Generation-Study/HumanEvalJava/src/main/java/scenario3/id_34.java,,,10,0,0,0,0,0,0,0,0,0,0,0,0,0,0,10,0,0,0,0,10,0
Codex-scenario3-4000,MaxElement_maxElement_4000_Test.java,/Users/Documents/Portfolio/GitHub/fake/OpenAI/HumanEvalJava-Results/src/test/java/scenario3/MaxElement_maxElement_4000_Test.java,/Users/Documents/Portfolio/GitHub/LLM-Based-Test-Generation-Study/HumanEvalJava/src/main/java/scenario3/id_35.java,,,10,0,0,0,0,0,0,0,0,0,0,0,0,0,0,10,0,0,0,0,10,0
Codex-scenario3-4000,FizzBuzz_fizzBuzz_4000_Test.java,/Users/Documents/Portfolio/GitHub/fake/OpenAI/HumanEvalJava-Results/src/test/java/scenario3/FizzBuzz_fizzBuzz_4000_Test.java,/Users/Documents/Portfolio/GitHub/LLM-Based-Test-Generation-Study/HumanEvalJava/src/main/java/scenario3/id_36.java,,,1,1,0,0,0,0,0,0,0,0,0,0,0,0,1,0,1,0,0,0,1,0
Codex-scenario3-4000,SortEven_sortEven_4000_Test.java,/Users/Documents/Portfolio/GitHub/fake/OpenAI/HumanEvalJava-Results/src/test/java/scenario3/SortEven_sortEven_4000_Test.java,/Users/Documents/Portfolio/GitHub/LLM-Based-Test-Generation-Study/HumanEvalJava/src/main/java/scenario3/id_37.java,,,10,0,0,0,0,0,0,0,0,0,0,0,0,0,0,10,0,0,0,0,10,0
Codex-scenario3-4000,PrimeFib_primeFib_4000_Test.java,/Users/Documents/Portfolio/GitHub/fake/OpenAI/HumanEvalJava-Results/src/test/java/scenario3/PrimeFib_primeFib_4000_Test.java,/Users/Documents/Portfolio/GitHub/LLM-Based-Test-Generation-Study/HumanEvalJava/src/main/java/scenario3/id_39.java,,,10,0,0,0,0,0,0,0,0,0,0,0,0,0,0,10,0,0,0,0,10,0
Codex-scenario3-4000,MeanAbsoluteDeviation_meanAbsoluteDeviation_4000_Test.java,/Users/Documents/Portfolio/GitHub/fake/OpenAI/HumanEvalJava-Results/src/test/java/scenario3/MeanAbsoluteDeviation_meanAbsoluteDeviation_4000_Test.java,/Users/Documents/Portfolio/GitHub/LLM-Based-Test-Generation-Study/HumanEvalJava/src/main/java/scenario3/id_4.java,,,10,0,0,0,0,0,0,0,0,0,0,0,0,0,0,10,0,0,0,0,10,0
Codex-scenario3-4000,TriplesSumToZero_triplesSumToZero_4000_Test.java,/Users/Documents/Portfolio/GitHub/fake/OpenAI/HumanEvalJava-Results/src/test/java/scenario3/TriplesSumToZero_triplesSumToZero_4000_Test.java,/Users/Documents/Portfolio/GitHub/LLM-Based-Test-Generation-Study/HumanEvalJava/src/main/java/scenario3/id_40.java,,,1,1,0,0,0,0,0,0,0,0,0,0,0,0,1,0,0,0,0,0,1,0
Codex-scenario3-4000,CarRaceCollision_carRaceCollision_4000_Test.java,/Users/Documents/Portfolio/GitHub/fake/OpenAI/HumanEvalJava-Results/src/test/java/scenario3/CarRaceCollision_carRaceCollision_4000_Test.java,/Users/Documents/Portfolio/GitHub/LLM-Based-Test-Generation-Study/HumanEvalJava/src/main/java/scenario3/id_41.java,,,1,1,0,0,0,0,0,0,0,0,0,0,0,0,1,0,0,0,0,0,1,0
Codex-scenario3-4000,IncrList_incrList_4000_Test.java,/Users/Documents/Portfolio/GitHub/fake/OpenAI/HumanEvalJava-Results/src/test/java/scenario3/IncrList_incrList_4000_Test.java,/Users/Documents/Portfolio/GitHub/LLM-Based-Test-Generation-Study/HumanEvalJava/src/main/java/scenario3/id_42.java,,,10,0,0,0,0,0,0,0,0,0,0,0,0,0,0,10,0,0,0,0,10,0
Codex-scenario3-4000,PairsSumToZero_pairsSumToZero_4000_Test.java,/Users/Documents/Portfolio/GitHub/fake/OpenAI/HumanEvalJava-Results/src/test/java/scenario3/PairsSumToZero_pairsSumToZero_4000_Test.java,/Users/Documents/Portfolio/GitHub/LLM-Based-Test-Generation-Study/HumanEvalJava/src/main/java/scenario3/id_43.java,,,1,1,0,0,0,0,0,0,0,0,0,0,0,0,1,0,0,0,0,0,1,0
Codex-scenario3-4000,ChangeBase_changeBase_4000_Test.java,/Users/Documents/Portfolio/GitHub/fake/OpenAI/HumanEvalJava-Results/src/test/java/scenario3/ChangeBase_changeBase_4000_Test.java,/Users/Documents/Portfolio/GitHub/LLM-Based-Test-Generation-Study/HumanEvalJava/src/main/java/scenario3/id_44.java,,,1,1,0,0,0,0,0,0,0,0,0,0,0,0,1,0,1,0,0,0,1,0
Codex-scenario3-4000,TriangleArea_triangleArea_4000_Test.java,/Users/Documents/Portfolio/GitHub/fake/OpenAI/HumanEvalJava-Results/src/test/java/scenario3/TriangleArea_triangleArea_4000_Test.java,/Users/Documents/Portfolio/GitHub/LLM-Based-Test-Generation-Study/HumanEvalJava/src/main/java/scenario3/id_45.java,,,1,1,0,0,0,0,0,0,0,0,0,0,0,0,1,0,0,0,0,0,1,0
Codex-scenario3-4000,Fib4_fib4_4000_Test.java,/Users/Documents/Portfolio/GitHub/fake/OpenAI/HumanEvalJava-Results/src/test/java/scenario3/Fib4_fib4_4000_Test.java,/Users/Documents/Portfolio/GitHub/LLM-Based-Test-Generation-Study/HumanEvalJava/src/main/java/scenario3/id_46.java,,,1,1,0,0,0,0,0,0,0,0,0,0,0,0,1,0,0,0,0,0,1,0
Codex-scenario3-4000,Median_median_4000_Test.java,/Users/Documents/Portfolio/GitHub/fake/OpenAI/HumanEvalJava-Results/src/test/java/scenario3/Median_median_4000_Test.java,/Users/Documents/Portfolio/GitHub/LLM-Based-Test-Generation-Study/HumanEvalJava/src/main/java/scenario3/id_47.java,,,1,1,0,0,0,0,0,0,0,0,0,0,0,0,1,0,0,0,0,0,1,0
Codex-scenario3-4000,IsPalindrome_isPalindrome_4000_Test.java,/Users/Documents/Portfolio/GitHub/fake/OpenAI/HumanEvalJava-Results/src/test/java/scenario3/IsPalindrome_isPalindrome_4000_Test.java,/Users/Documents/Portfolio/GitHub/LLM-Based-Test-Generation-Study/HumanEvalJava/src/main/java/scenario3/id_48.java,,,10,0,0,0,0,0,0,0,0,0,0,0,0,0,0,10,0,0,0,0,10,0
Codex-scenario3-4000,Modp_modp_4000_Test.java,/Users/Documents/Portfolio/GitHub/fake/OpenAI/HumanEvalJava-Results/src/test/java/scenario3/Modp_modp_4000_Test.java,/Users/Documents/Portfolio/GitHub/LLM-Based-Test-Generation-Study/HumanEvalJava/src/main/java/scenario3/id_49.java,,,1,1,0,0,0,0,0,0,0,0,0,0,0,0,1,0,0,0,0,0,1,0
Codex-scenario3-4000,Intersperse_intersperse_4000_Test.java,/Users/Documents/Portfolio/GitHub/fake/OpenAI/HumanEvalJava-Results/src/test/java/scenario3/Intersperse_intersperse_4000_Test.java,/Users/Documents/Portfolio/GitHub/LLM-Based-Test-Generation-Study/HumanEvalJava/src/main/java/scenario3/id_5.java,,,10,0,0,0,0,0,0,0,0,0,0,0,0,0,0,10,0,0,0,0,10,0
Codex-scenario3-4000,RemoveVowels_removeVowels_4000_Test.java,/Users/Documents/Portfolio/GitHub/fake/OpenAI/HumanEvalJava-Results/src/test/java/scenario3/RemoveVowels_removeVowels_4000_Test.java,/Users/Documents/Portfolio/GitHub/LLM-Based-Test-Generation-Study/HumanEvalJava/src/main/java/scenario3/id_51.java,,,1,1,0,0,0,0,0,0,0,0,0,0,0,0,1,0,0,0,0,0,1,0
Codex-scenario3-4000,BelowThreshold_belowThreshold_4000_Test.java,/Users/Documents/Portfolio/GitHub/fake/OpenAI/HumanEvalJava-Results/src/test/java/scenario3/BelowThreshold_belowThreshold_4000_Test.java,/Users/Documents/Portfolio/GitHub/LLM-Based-Test-Generation-Study/HumanEvalJava/src/main/java/scenario3/id_52.java,,,1,1,0,0,0,0,0,0,0,0,0,0,0,0,1,0,0,0,0,0,1,0
Codex-scenario3-4000,Add_add_4000_Test.java,/Users/Documents/Portfolio/GitHub/fake/OpenAI/HumanEvalJava-Results/src/test/java/scenario3/Add_add_4000_Test.java,/Users/Documents/Portfolio/GitHub/LLM-Based-Test-Generation-Study/HumanEvalJava/src/main/java/scenario3/id_53.java,,,1,1,0,0,0,0,0,0,0,0,0,0,0,0,1,0,0,0,0,0,1,0
Codex-scenario3-4000,SameChars_sameChars_4000_Test.java,/Users/Documents/Portfolio/GitHub/fake/OpenAI/HumanEvalJava-Results/src/test/java/scenario3/SameChars_sameChars_4000_Test.java,/Users/Documents/Portfolio/GitHub/LLM-Based-Test-Generation-Study/HumanEvalJava/src/main/java/scenario3/id_54.java,,,10,0,0,0,0,0,0,0,0,0,0,0,0,0,0,10,0,0,0,0,10,0
Codex-scenario3-4000,Fib_fib_4000_Test.java,/Users/Documents/Portfolio/GitHub/fake/OpenAI/HumanEvalJava-Results/src/test/java/scenario3/Fib_fib_4000_Test.java,/Users/Documents/Portfolio/GitHub/LLM-Based-Test-Generation-Study/HumanEvalJava/src/main/java/scenario3/id_55.java,,,1,1,0,0,0,0,0,0,0,0,0,0,0,0,1,0,0,0,0,0,1,0
Codex-scenario3-4000,CorrectBracketing_correctBracketing_4000_Test.java,/Users/Documents/Portfolio/GitHub/fake/OpenAI/HumanEvalJava-Results/src/test/java/scenario3/CorrectBracketing_correctBracketing_4000_Test.java,/Users/Documents/Portfolio/GitHub/LLM-Based-Test-Generation-Study/HumanEvalJava/src/main/java/scenario3/id_56.java,,,12,0,0,0,0,0,0,0,0,0,0,0,0,0,0,12,0,0,0,0,12,0
Codex-scenario3-4000,Monotonic_monotonic_4000_Test.java,/Users/Documents/Portfolio/GitHub/fake/OpenAI/HumanEvalJava-Results/src/test/java/scenario3/Monotonic_monotonic_4000_Test.java,/Users/Documents/Portfolio/GitHub/LLM-Based-Test-Generation-Study/HumanEvalJava/src/main/java/scenario3/id_57.java,,,10,0,0,0,0,0,0,0,0,0,0,0,0,0,0,10,0,0,0,0,10,0
Codex-scenario3-4000,LargestPrimeFactor_largestPrimeFactor_4000_Test.java,/Users/Documents/Portfolio/GitHub/fake/OpenAI/HumanEvalJava-Results/src/test/java/scenario3/LargestPrimeFactor_largestPrimeFactor_4000_Test.java,/Users/Documents/Portfolio/GitHub/LLM-Based-Test-Generation-Study/HumanEvalJava/src/main/java/scenario3/id_59.java,,,1,1,0,0,0,0,0,0,0,0,0,0,0,0,1,0,0,0,0,0,1,0
Codex-scenario3-4000,ParseNestedParens_parseNestedParens_4000_Test.java,/Users/Documents/Portfolio/GitHub/fake/OpenAI/HumanEvalJava-Results/src/test/java/scenario3/ParseNestedParens_parseNestedParens_4000_Test.java,/Users/Documents/Portfolio/GitHub/LLM-Based-Test-Generation-Study/HumanEvalJava/src/main/java/scenario3/id_6.java,,,1,1,0,0,0,0,0,0,0,0,0,0,0,0,1,0,1,0,0,0,1,0
Codex-scenario3-4000,SumToN_sumToN_4000_Test.java,/Users/Documents/Portfolio/GitHub/fake/OpenAI/HumanEvalJava-Results/src/test/java/scenario3/SumToN_sumToN_4000_Test.java,/Users/Documents/Portfolio/GitHub/LLM-Based-Test-Generation-Study/HumanEvalJava/src/main/java/scenario3/id_60.java,,,10,0,0,0,0,0,0,0,0,0,0,0,0,0,0,10,0,0,0,0,10,0
Codex-scenario3-4000,CorrectBracketing1_correctBracketing_4000_Test.java,/Users/Documents/Portfolio/GitHub/fake/OpenAI/HumanEvalJava-Results/src/test/java/scenario3/CorrectBracketing1_correctBracketing_4000_Test.java,/Users/Documents/Portfolio/GitHub/LLM-Based-Test-Generation-Study/HumanEvalJava/src/main/java/scenario3/id_61.java,,,12,0,0,0,0,0,0,0,0,0,0,0,0,0,0,12,0,0,0,0,12,0
Codex-scenario3-4000,Derivative_derivative_4000_Test.java,/Users/Documents/Portfolio/GitHub/fake/OpenAI/HumanEvalJava-Results/src/test/java/scenario3/Derivative_derivative_4000_Test.java,/Users/Documents/Portfolio/GitHub/LLM-Based-Test-Generation-Study/HumanEvalJava/src/main/java/scenario3/id_62.java,,,1,1,0,0,0,0,0,0,0,0,0,0,0,0,1,0,1,0,0,0,1,0
Codex-scenario3-4000,Fibfib_fibfib_4000_Test.java,/Users/Documents/Portfolio/GitHub/fake/OpenAI/HumanEvalJava-Results/src/test/java/scenario3/Fibfib_fibfib_4000_Test.java,/Users/Documents/Portfolio/GitHub/LLM-Based-Test-Generation-Study/HumanEvalJava/src/main/java/scenario3/id_63.java,,,1,1,0,0,0,0,0,0,0,0,0,0,0,0,1,0,0,0,0,0,1,0
Codex-scenario3-4000,VowelsCount_vowelsCount_4000_Test.java,/Users/Documents/Portfolio/GitHub/fake/OpenAI/HumanEvalJava-Results/src/test/java/scenario3/VowelsCount_vowelsCount_4000_Test.java,/Users/Documents/Portfolio/GitHub/LLM-Based-Test-Generation-Study/HumanEvalJava/src/main/java/scenario3/id_64.java,,,1,1,0,0,0,0,0,0,0,0,0,0,0,0,1,0,0,0,0,0,1,0
Codex-scenario3-4000,CircularShift_circularShift_4000_Test.java,/Users/Documents/Portfolio/GitHub/fake/OpenAI/HumanEvalJava-Results/src/test/java/scenario3/CircularShift_circularShift_4000_Test.java,/Users/Documents/Portfolio/GitHub/LLM-Based-Test-Generation-Study/HumanEvalJava/src/main/java/scenario3/id_65.java,,,1,1,0,0,0,0,0,0,0,0,0,0,0,0,1,0,0,0,0,0,1,0
Codex-scenario3-4000,Digitsum_digitSum_4000_Test.java,/Users/Documents/Portfolio/GitHub/fake/OpenAI/HumanEvalJava-Results/src/test/java/scenario3/Digitsum_digitSum_4000_Test.java,/Users/Documents/Portfolio/GitHub/LLM-Based-Test-Generation-Study/HumanEvalJava/src/main/java/scenario3/id_66.java,,,10,0,0,0,0,0,0,0,0,0,0,0,0,0,0,10,0,0,0,0,10,0
Codex-scenario3-4000,FruitDistribution_fruitDistribution_4000_Test.java,/Users/Documents/Portfolio/GitHub/fake/OpenAI/HumanEvalJava-Results/src/test/java/scenario3/FruitDistribution_fruitDistribution_4000_Test.java,/Users/Documents/Portfolio/GitHub/LLM-Based-Test-Generation-Study/HumanEvalJava/src/main/java/scenario3/id_67.java,,,1,1,0,0,0,0,0,0,0,0,0,0,0,0,1,0,0,0,0,0,1,0
Codex-scenario3-4000,Pluck_pluck_4000_Test.java,/Users/Documents/Portfolio/GitHub/fake/OpenAI/HumanEvalJava-Results/src/test/java/scenario3/Pluck_pluck_4000_Test.java,/Users/Documents/Portfolio/GitHub/LLM-Based-Test-Generation-Study/HumanEvalJava/src/main/java/scenario3/id_68.java,,,9,0,0,0,0,1,0,0,0,0,0,0,0,0,0,8,0,1,0,0,9,0
Codex-scenario3-4000,Search_search_4000_Test.java,/Users/Documents/Portfolio/GitHub/fake/OpenAI/HumanEvalJava-Results/src/test/java/scenario3/Search_search_4000_Test.java,/Users/Documents/Portfolio/GitHub/LLM-Based-Test-Generation-Study/HumanEvalJava/src/main/java/scenario3/id_69.java,,,1,1,0,0,0,0,0,0,0,0,0,0,0,0,1,0,0,0,0,0,1,0
Codex-scenario3-4000,FilterBySubstring_filterBySubstring_4000_Test.java,/Users/Documents/Portfolio/GitHub/fake/OpenAI/HumanEvalJava-Results/src/test/java/scenario3/FilterBySubstring_filterBySubstring_4000_Test.java,/Users/Documents/Portfolio/GitHub/LLM-Based-Test-Generation-Study/HumanEvalJava/src/main/java/scenario3/id_7.java,,,10,0,0,0,0,0,0,0,0,0,0,0,0,0,0,10,0,0,0,0,10,0
Codex-scenario3-4000,StrangeSortList_strangeSortList_4000_Test.java,/Users/Documents/Portfolio/GitHub/fake/OpenAI/HumanEvalJava-Results/src/test/java/scenario3/StrangeSortList_strangeSortList_4000_Test.java,/Users/Documents/Portfolio/GitHub/LLM-Based-Test-Generation-Study/HumanEvalJava/src/main/java/scenario3/id_70.java,,,1,1,0,0,0,0,0,0,0,0,0,0,0,0,1,0,1,0,0,0,1,0
Codex-scenario3-4000,TriangleArea1_triangleArea_4000_Test.java,/Users/Documents/Portfolio/GitHub/fake/OpenAI/HumanEvalJava-Results/src/test/java/scenario3/TriangleArea1_triangleArea_4000_Test.java,/Users/Documents/Portfolio/GitHub/LLM-Based-Test-Generation-Study/HumanEvalJava/src/main/java/scenario3/id_71.java,,,10,0,0,0,0,0,0,0,0,0,0,0,0,0,0,10,0,0,0,0,10,0
Codex-scenario3-4000,WillItFly_willItFly_4000_Test.java,/Users/Documents/Portfolio/GitHub/fake/OpenAI/HumanEvalJava-Results/src/test/java/scenario3/WillItFly_willItFly_4000_Test.java,/Users/Documents/Portfolio/GitHub/LLM-Based-Test-Generation-Study/HumanEvalJava/src/main/java/scenario3/id_72.java,,,1,1,0,0,0,0,0,0,0,0,0,0,0,0,1,0,0,0,0,0,1,0
Codex-scenario3-4000,SmallestChange_smallestChange_4000_Test.java,/Users/Documents/Portfolio/GitHub/fake/OpenAI/HumanEvalJava-Results/src/test/java/scenario3/SmallestChange_smallestChange_4000_Test.java,/Users/Documents/Portfolio/GitHub/LLM-Based-Test-Generation-Study/HumanEvalJava/src/main/java/scenario3/id_73.java,,,1,1,0,0,0,0,0,0,0,0,0,0,0,0,1,0,0,0,0,0,1,0
Codex-scenario3-4000,TotalMatch_totalMatch_4000_Test.java,/Users/Documents/Portfolio/GitHub/fake/OpenAI/HumanEvalJava-Results/src/test/java/scenario3/TotalMatch_totalMatch_4000_Test.java,/Users/Documents/Portfolio/GitHub/LLM-Based-Test-Generation-Study/HumanEvalJava/src/main/java/scenario3/id_74.java,,,1,1,0,0,0,0,0,0,0,0,0,0,0,0,1,0,1,0,0,0,1,0
Codex-scenario3-4000,IsMultiplyPrime_isMultiplyPrime_4000_Test.java,/Users/Documents/Portfolio/GitHub/fake/OpenAI/HumanEvalJava-Results/src/test/java/scenario3/IsMultiplyPrime_isMultiplyPrime_4000_Test.java,/Users/Documents/Portfolio/GitHub/LLM-Based-Test-Generation-Study/HumanEvalJava/src/main/java/scenario3/id_75.java,,,1,1,0,0,0,0,0,0,0,0,0,0,0,0,1,0,0,0,0,0,1,0
Codex-scenario3-4000,IsSimplePower_isSimplePower_4000_Test.java,/Users/Documents/Portfolio/GitHub/fake/OpenAI/HumanEvalJava-Results/src/test/java/scenario3/IsSimplePower_isSimplePower_4000_Test.java,/Users/Documents/Portfolio/GitHub/LLM-Based-Test-Generation-Study/HumanEvalJava/src/main/java/scenario3/id_76.java,,,1,1,0,0,0,0,0,0,0,0,0,0,0,0,1,0,0,0,0,0,1,0
Codex-scenario3-4000,Iscube_iscube_4000_Test.java,/Users/Documents/Portfolio/GitHub/fake/OpenAI/HumanEvalJava-Results/src/test/java/scenario3/Iscube_iscube_4000_Test.java,/Users/Documents/Portfolio/GitHub/LLM-Based-Test-Generation-Study/HumanEvalJava/src/main/java/scenario3/id_77.java,,,10,0,0,0,0,0,0,0,0,0,0,0,0,0,0,10,0,0,0,0,10,0
Codex-scenario3-4000,HexKey_hexKey_4000_Test.java,/Users/Documents/Portfolio/GitHub/fake/OpenAI/HumanEvalJava-Results/src/test/java/scenario3/HexKey_hexKey_4000_Test.java,/Users/Documents/Portfolio/GitHub/LLM-Based-Test-Generation-Study/HumanEvalJava/src/main/java/scenario3/id_78.java,,,1,1,0,0,0,0,0,0,0,0,0,0,0,0,1,0,0,0,0,0,1,0
Codex-scenario3-4000,DecimalToBinary_decimalToBinary_4000_Test.java,/Users/Documents/Portfolio/GitHub/fake/OpenAI/HumanEvalJava-Results/src/test/java/scenario3/DecimalToBinary_decimalToBinary_4000_Test.java,/Users/Documents/Portfolio/GitHub/LLM-Based-Test-Generation-Study/HumanEvalJava/src/main/java/scenario3/id_79.java,,,10,0,0,0,0,0,0,0,0,0,0,0,0,0,0,10,0,0,0,0,10,0
Codex-scenario3-4000,SumProduct_sumProduct_4000_Test.java,/Users/Documents/Portfolio/GitHub/fake/OpenAI/HumanEvalJava-Results/src/test/java/scenario3/SumProduct_sumProduct_4000_Test.java,/Users/Documents/Portfolio/GitHub/LLM-Based-Test-Generation-Study/HumanEvalJava/src/main/java/scenario3/id_8.java,,,10,0,0,0,0,0,0,0,0,0,0,0,0,0,0,10,0,0,0,0,10,0
Codex-scenario3-4000,IsHappy_isHappy_4000_Test.java,/Users/Documents/Portfolio/GitHub/fake/OpenAI/HumanEvalJava-Results/src/test/java/scenario3/IsHappy_isHappy_4000_Test.java,/Users/Documents/Portfolio/GitHub/LLM-Based-Test-Generation-Study/HumanEvalJava/src/main/java/scenario3/id_80.java,,,1,1,0,0,0,0,0,0,0,0,0,0,0,0,1,0,0,0,0,0,1,0
Codex-scenario3-4000,NumericalLetterGrade_numericalLetterGrade_4000_Test.java,/Users/Documents/Portfolio/GitHub/fake/OpenAI/HumanEvalJava-Results/src/test/java/scenario3/NumericalLetterGrade_numericalLetterGrade_4000_Test.java,/Users/Documents/Portfolio/GitHub/LLM-Based-Test-Generation-Study/HumanEvalJava/src/main/java/scenario3/id_81.java,,,10,0,0,0,0,0,0,0,0,0,0,0,0,0,0,10,0,0,0,0,10,0
Codex-scenario3-4000,PrimeLength_primeLength_4000_Test.java,/Users/Documents/Portfolio/GitHub/fake/OpenAI/HumanEvalJava-Results/src/test/java/scenario3/PrimeLength_primeLength_4000_Test.java,/Users/Documents/Portfolio/GitHub/LLM-Based-Test-Generation-Study/HumanEvalJava/src/main/java/scenario3/id_82.java,,,1,1,0,0,0,0,0,0,0,0,0,0,0,0,1,0,0,0,0,0,1,0
Codex-scenario3-4000,StartsOneEnds_startsOneEnds_4000_Test.java,/Users/Documents/Portfolio/GitHub/fake/OpenAI/HumanEvalJava-Results/src/test/java/scenario3/StartsOneEnds_startsOneEnds_4000_Test.java,/Users/Documents/Portfolio/GitHub/LLM-Based-Test-Generation-Study/HumanEvalJava/src/main/java/scenario3/id_83.java,,,1,1,0,0,0,0,0,0,0,0,0,0,0,0,1,0,0,0,0,0,1,0
Codex-scenario3-4000,Solve1_solve_4000_Test.java,/Users/Documents/Portfolio/GitHub/fake/OpenAI/HumanEvalJava-Results/src/test/java/scenario3/Solve1_solve_4000_Test.java,/Users/Documents/Portfolio/GitHub/LLM-Based-Test-Generation-Study/HumanEvalJava/src/main/java/scenario3/id_84.java,,,10,0,0,0,0,0,0,0,0,0,0,0,0,0,0,10,0,0,0,0,10,0
Codex-scenario3-4000,Add1_add_4000_Test.java,/Users/Documents/Portfolio/GitHub/fake/OpenAI/HumanEvalJava-Results/src/test/java/scenario3/Add1_add_4000_Test.java,/Users/Documents/Portfolio/GitHub/LLM-Based-Test-Generation-Study/HumanEvalJava/src/main/java/scenario3/id_85.java,,,6,0,0,0,0,1,0,0,0,0,0,0,0,0,0,5,0,1,0,0,6,0
Codex-scenario3-4000,AntiShuffle_antiShuffle_4000_Test.java,/Users/Documents/Portfolio/GitHub/fake/OpenAI/HumanEvalJava-Results/src/test/java/scenario3/AntiShuffle_antiShuffle_4000_Test.java,/Users/Documents/Portfolio/GitHub/LLM-Based-Test-Generation-Study/HumanEvalJava/src/main/java/scenario3/id_86.java,,,1,1,0,0,0,0,0,0,0,0,0,0,0,0,1,0,0,0,0,0,1,0
Codex-scenario3-4000,GetRow_getRow_4000_Test.java,/Users/Documents/Portfolio/GitHub/fake/OpenAI/HumanEvalJava-Results/src/test/java/scenario3/GetRow_getRow_4000_Test.java,/Users/Documents/Portfolio/GitHub/LLM-Based-Test-Generation-Study/HumanEvalJava/src/main/java/scenario3/id_87.java,,,11,0,0,0,0,0,0,0,0,0,0,0,0,0,0,11,0,0,0,0,11,0
Codex-scenario3-4000,SortArray1_sortArray_4000_Test.java,/Users/Documents/Portfolio/GitHub/fake/OpenAI/HumanEvalJava-Results/src/test/java/scenario3/SortArray1_sortArray_4000_Test.java,/Users/Documents/Portfolio/GitHub/LLM-Based-Test-Generation-Study/HumanEvalJava/src/main/java/scenario3/id_88.java,,,11,0,0,0,0,0,0,0,0,0,0,0,0,0,0,11,0,0,0,0,11,0
Codex-scenario3-4000,Encrypt_encrypt_4000_Test.java,/Users/Documents/Portfolio/GitHub/fake/OpenAI/HumanEvalJava-Results/src/test/java/scenario3/Encrypt_encrypt_4000_Test.java,/Users/Documents/Portfolio/GitHub/LLM-Based-Test-Generation-Study/HumanEvalJava/src/main/java/scenario3/id_89.java,,,1,1,0,0,0,0,0,0,0,0,0,0,0,0,1,0,0,0,0,0,1,0
Codex-scenario3-4000,RollingMax_rollingMax_4000_Test.java,/Users/Documents/Portfolio/GitHub/fake/OpenAI/HumanEvalJava-Results/src/test/java/scenario3/RollingMax_rollingMax_4000_Test.java,/Users/Documents/Portfolio/GitHub/LLM-Based-Test-Generation-Study/HumanEvalJava/src/main/java/scenario3/id_9.java,,,1,1,0,0,0,0,0,0,0,0,0,0,0,0,1,0,1,0,0,0,1,0
Codex-scenario3-4000,NextSmallest_nextSmallest_4000_Test.java,/Users/Documents/Portfolio/GitHub/fake/OpenAI/HumanEvalJava-Results/src/test/java/scenario3/NextSmallest_nextSmallest_4000_Test.java,/Users/Documents/Portfolio/GitHub/LLM-Based-Test-Generation-Study/HumanEvalJava/src/main/java/scenario3/id_90.java,,,1,1,0,0,0,0,0,0,0,0,0,0,0,0,1,0,1,0,0,0,1,0
Codex-scenario3-4000,IsBored_isBored_4000_Test.java,/Users/Documents/Portfolio/GitHub/fake/OpenAI/HumanEvalJava-Results/src/test/java/scenario3/IsBored_isBored_4000_Test.java,/Users/Documents/Portfolio/GitHub/LLM-Based-Test-Generation-Study/HumanEvalJava/src/main/java/scenario3/id_91.java,,,1,1,0,0,0,0,0,0,0,0,0,0,0,0,1,0,1,0,0,0,1,0
Codex-scenario3-4000,AnyInt_anyInt_4000_Test.java,/Users/Documents/Portfolio/GitHub/fake/OpenAI/HumanEvalJava-Results/src/test/java/scenario3/AnyInt_anyInt_4000_Test.java,/Users/Documents/Portfolio/GitHub/LLM-Based-Test-Generation-Study/HumanEvalJava/src/main/java/scenario3/id_92.java,,,1,1,0,0,0,0,0,0,0,0,0,0,0,0,1,0,0,0,0,0,1,0
Codex-scenario3-4000,Encode_encode_4000_Test.java,/Users/Documents/Portfolio/GitHub/fake/OpenAI/HumanEvalJava-Results/src/test/java/scenario3/Encode_encode_4000_Test.java,/Users/Documents/Portfolio/GitHub/LLM-Based-Test-Generation-Study/HumanEvalJava/src/main/java/scenario3/id_93.java,,,1,1,0,0,0,0,0,0,0,0,0,0,0,0,1,0,0,0,0,0,1,0
Codex-scenario3-4000,Skjkasdkd_skjkasdkd_4000_Test.java,/Users/Documents/Portfolio/GitHub/fake/OpenAI/HumanEvalJava-Results/src/test/java/scenario3/Skjkasdkd_skjkasdkd_4000_Test.java,/Users/Documents/Portfolio/GitHub/LLM-Based-Test-Generation-Study/HumanEvalJava/src/main/java/scenario3/id_94.java,,,10,0,0,0,0,1,0,0,0,0,0,0,0,0,0,9,0,1,0,0,10,0
Codex-scenario3-4000,CheckDictCase_checkDictCase_4000_Test.java,/Users/Documents/Portfolio/GitHub/fake/OpenAI/HumanEvalJava-Results/src/test/java/scenario3/CheckDictCase_checkDictCase_4000_Test.java,/Users/Documents/Portfolio/GitHub/LLM-Based-Test-Generation-Study/HumanEvalJava/src/main/java/scenario3/id_95.java,,,1,1,0,0,0,0,0,0,0,0,0,0,0,0,1,0,0,0,0,0,1,0
Codex-scenario3-4000,CountUpTo_countUpTo_4000_Test.java,/Users/Documents/Portfolio/GitHub/fake/OpenAI/HumanEvalJava-Results/src/test/java/scenario3/CountUpTo_countUpTo_4000_Test.java,/Users/Documents/Portfolio/GitHub/LLM-Based-Test-Generation-Study/HumanEvalJava/src/main/java/scenario3/id_96.java,,,1,1,0,0,0,0,0,0,0,0,0,0,0,0,1,0,0,0,0,0,1,0
Codex-scenario3-4000,Multiply_multiply_4000_Test.java,/Users/Documents/Portfolio/GitHub/fake/OpenAI/HumanEvalJava-Results/src/test/java/scenario3/Multiply_multiply_4000_Test.java,/Users/Documents/Portfolio/GitHub/LLM-Based-Test-Generation-Study/HumanEvalJava/src/main/java/scenario3/id_97.java,,,1,1,0,0,0,0,0,0,0,0,0,0,0,0,1,0,0,0,0,0,1,0
Codex-scenario3-4000,CountUpper_countUpper_4000_Test.java,/Users/Documents/Portfolio/GitHub/fake/OpenAI/HumanEvalJava-Results/src/test/java/scenario3/CountUpper_countUpper_4000_Test.java,/Users/Documents/Portfolio/GitHub/LLM-Based-Test-Generation-Study/HumanEvalJava/src/main/java/scenario3/id_98.java,,,1,1,0,0,0,0,0,0,0,0,0,0,0,0,1,0,1,0,0,0,1,0
Codex-scenario3-4000,ClosestInteger_closestInteger_4000_Test.java,/Users/Documents/Portfolio/GitHub/fake/OpenAI/HumanEvalJava-Results/src/test/java/scenario3/ClosestInteger_closestInteger_4000_Test.java,/Users/Documents/Portfolio/GitHub/LLM-Based-Test-Generation-Study/HumanEvalJava/src/main/java/scenario3/id_99.java,,,1,1,0,0,0,0,0,0,0,0,0,0,0,0,1,0,0,0,0,0,1,0
